{
  "id": "Container Catalog",
  "name": "Container Catalog",
  "icon": "containerCatalog",
  "size": {
    "height": "400",
    "width": "700"
  },
  "pagination": {
    "loadingSize": "1000"
  },
  "inlineFilter": {
    "enable": "true"
  },
  "header": {
    "show": "true",
    "title": "Custom Grid Component",
    "align": "left"
  },
  "views": {
    "show": "true",
    "title": "Views",
    "defaultViewText": "Default"
  },
  "search": {
    "show": "true",
    "title": "Search",
    "textWidth": "300"
  },
  "hideShowColumns": {
    "show": "true",
    "title": "Show/ Hide Columns"
  },
  "clearFilter": {
    "show": "true",
    "title": "Clear Filter"
  },
  "refresh": {
    "show": "true",
    "title": "Refresh"
  },
  "lookup": {
    "show": "true",
    "title": "Quick Look",
    "textWidth": "200"
  },
  "recordCount": {
    "show": "true",
    "title": "Containers :"
  },
  "tools": {
    "title": "Tools",
    "show": "true"
  },
  "reports": {
    "title": "Reports",
    "show": "true"
  },
  "exportToExcel": {
    "title": "ExportToExcel",
    "show": "true"
  },
  "contextMenu": {
    "menus": [
      {
        "title": "Add Task",
        "icon": "images/add.png",
        "function": "doAdd",
        "type": "grid"
      },
      {
        "title": "Edit Task",
        "icon": "images/edit.png",
        "function": "doEdit",
        "type": "row"
      },
      {
        "title": "Delete Task",
        "icon": "images/delete.png",
        "function": "doDelete",
        "type": "row"
      }
    ]
  },
  "functions": {
    "rowClickCallback": "callSingleClick",
    "rowDoubleClickCallback": "callDoubleClick"
  },
  "columns": [
    {
      "title": "Code",
      "dataField": "containerVrsnCode",
      "dataType": "String",
      "width": "160",
      "visible": "true",
      "hide": "false",
      "sort": "true",
      "filter": "true",
      "search": "true",
      "resize": "true",
      "dragable": "true",
      "disabled": "true"
    },
    {
      "title": "Name",
      "dataField": "containerName",
      "dataType": "String",
      "width": "300",
      "visible": "true",
      "hide": "false",
      "sort": "true",
      "filter": "true",
      "search": "true",
      "resize": "true",
      "dragable": "true",
      "disabled": "true"
    },
    {
      "title": "Description",
      "dataField": "containerDesc",
      "dataType": "String",
      "width": "180",
      "visible": "false",
      "hide": "true",
      "sort": "true",
      "filter": "true",
      "search": "true",
      "resize": "true",
      "dragable": "true"
    },
    {
      "title": "Vrsn#",
      "dataField": "versionNo",
      "dataType": "Number",
      "width": "Auto",
      "visible": "true",
      "hide": "true",
      "sort": "true",
      "filter": "true",
      "search": "true",
      "resize": "true",
      "dragable": "true"
    },
    {
      "title": "Published Vrsn#",
      "dataField": "publishedVersionNo",
      "dataType": "String",
      "width": "Auto",
      "visible": "true",
      "hide": "true",
      "sort": "true",
      "filter": "true",
      "search": "true",
      "resize": "true",
      "dragable": "true"
    },
    {
      "title": "Eff. Date",
      "dataField": "effDate",
      "dataType": "Date",
      "width": "Auto",
      "visible": "true",
      "hide": "true",
      "sort": "true",
      "filter": "true",
      "search": "true",
      "resize": "true",
      "dragable": "true"
    },
    {
      "title": "End Date",
      "dataField": "endDate",
      "dataType": "Date",
      "width": "Auto",
      "visible": "true",
      "hide": "true",
      "sort": "true",
      "filter": "true",
      "search": "true",
      "resize": "true",
      "dragable": "true"
    },
    {
      "title": "Status",
      "dataField": "workflowStatusCode",
      "dataType": "String",
      "findRenderer": {
        "ListItemRenderer": {
          "@displayField": "workflowStatusTypeCode",
          "@serviceName": "workflowServiceRemoteObject",
          "@methodName": "findAllContainerWorkflowStatusTypes"
        }
      },
      "width": "Auto",
      "visible": "true",
      "hide": "true",
      "sort": "true",
      "filter": "true",
      "search": "true",
      "resize": "true",
      "dragable": "true"
    },
    {
      "title": "Decommissioned?",
      "dataField": "decomission",
      "dataType": "CheckBox",
      "resultRenderer": [],
      "width": "Auto",
      "visible": "true",
      "hide": "true",
      "sort": "true",
      "filter": "true",
      "search": "true",
      "resize": "true",
      "dragable": "true"
    },
    {
      "title": "Is Virtual",
      "dataField": "isVirtual",
      "dataType": "CheckBox",
      "resultRenderer": [],
      "width": "Auto",
      "visible": "true",
      "hide": "true",
      "sort": "true",
      "filter": "true",
      "search": "true",
      "resize": "true",
      "dragable": "true"
    },
    {
      "title": "Container Category",
      "dataField": "containerCategorycode",
      "dataType": "String",
      "findRenderer": {
        "ListItemRenderer": {
          "@displayField": "containerCategoryCode",
          "@serviceName": "globalDataServiceRemoteObject",
          "@methodName": "findAllContainerCategory"
        }
      },
      "width": "Auto",
      "visible": "true",
      "hide": "true",
      "sort": "true",
      "filter": "true",
      "search": "true",
      "resize": "true",
      "dragable": "true"
    },
    {
      "title": "Equipment Type",
      "dataField": "equipmentTypeCode",
      "dataType": "String",
      "findRenderer": {
        "ListItemRenderer": {
          "@displayField": "equipmentTypeCode",
          "@serviceName": "globalDataServiceRemoteObject",
          "@methodName": "findAllEquipmentType"
        }
      },
      "width": "Auto",
      "visible": "true",
      "hide": "true",
      "sort": "true",
      "filter": "true",
      "search": "true",
      "resize": "true",
      "dragable": "true"
    },
    {
      "title": "Equipment Type Name",
      "dataField": "equipmentTypeName",
      "dataType": "String",
      "findRenderer": {
        "ListItemRenderer": {
          "@displayField": "equipmentTypeName",
          "@serviceName": "globalDataServiceRemoteObject",
          "@methodName": "findAllEquipmentType"
        }
      },
      "width": "Auto",
      "visible": "true",
      "hide": "true",
      "sort": "true",
      "filter": "true",
      "search": "true",
      "resize": "true",
      "dragable": "true"
    },
    {
      "title": "Class",
      "dataField": "internalName",
      "dataType": "String",
      "findRenderer": {
        "ListItemRenderer": {
          "@displayField": "internalName",
          "@serviceName": "globalDataServiceRemoteObject",
          "@methodName": "findAllClassOfSvc"
        }
      },
      "width": "Auto",
      "visible": "true",
      "hide": "true",
      "sort": "true",
      "filter": "true",
      "search": "true",
      "resize": "true",
      "dragable": "true"
    },
    {
      "title": "Exchange Type",
      "dataField": "exchangeTypeCode",
      "dataType": "String",
      "findRenderer": {
        "ListItemRenderer": {
          "@displayField": "exchangeTypeCode",
          "@serviceName": "globalDataServiceRemoteObject",
          "@methodName": "findAllExchangeType"
        }
      },
      "width": "Auto",
      "visible": "true",
      "hide": "true",
      "sort": "true",
      "filter": "true",
      "search": "true",
      "resize": "true",
      "dragable": "true"
    },
    {
      "title": "Container Type",
      "dataField": "containerTypeCode",
      "dataType": "String",
      "findRenderer": {
        "ListItemRenderer": {
          "@displayField": "containerTypeCode",
          "@serviceName": "containerServiceRemoteObject",
          "@methodName": "findAllContainerTypeCodes"
        }
      },
      "width": "Auto",
      "visible": "true",
      "hide": "true",
      "sort": "true",
      "filter": "true",
      "search": "true",
      "resize": "true",
      "dragable": "true"
    },
    {
      "title": "Container Type Name",
      "dataField": "containerTypeName",
      "dataType": "String",
      "findRenderer": {
        "ListItemRenderer": {
          "@displayField": "containerTypeName",
          "@serviceName": "containerServiceRemoteObject",
          "@methodName": "findAllContainerTypeNames"
        }
      },
      "width": "180",
      "visible": "true",
      "hide": "true",
      "sort": "true",
      "filter": "true",
      "search": "true",
      "resize": "true",
      "dragable": "true"
    },
    {
      "title": "Module Type",
      "dataField": "moduleTypes",
      "dataType": "String",
      "width": "Auto",
      "visible": "true",
      "hide": "true",
      "sort": "true",
      "filter": "true",
      "search": "true",
      "resize": "true",
      "dragable": "true"
    },
    {
      "title": "Module Type Name",
      "dataField": "moduleTypeNames",
      "dataType": "String",
      "width": "Auto",
      "visible": "true",
      "hide": "true",
      "sort": "true",
      "filter": "true",
      "search": "true",
      "resize": "true",
      "dragable": "true"
    },
    {
      "title": "Alternate Code",
      "dataField": "containerCode2",
      "dataType": "String",
      "width": "Auto",
      "visible": "true",
      "hide": "true",
      "sort": "true",
      "filter": "true",
      "search": "true",
      "resize": "true",
      "dragable": "true"
    },
    {
      "title": "Alternate Name",
      "dataField": "containerName2",
      "dataType": "String",
      "width": "160",
      "visible": "true",
      "hide": "true",
      "sort": "true",
      "filter": "true",
      "search": "true",
      "resize": "true",
      "dragable": "true"
    },
    {
      "title": "Part#",
      "dataField": "gpPartNo",
      "dataType": "String",
      "width": "150",
      "visible": "true",
      "hide": "true",
      "sort": "true",
      "filter": "true",
      "search": "true",
      "resize": "true",
      "dragable": "true"
    },
    {
      "title": "Part Name",
      "dataField": "gpPartName",
      "dataType": "String",
      "width": "140",
      "visible": "false",
      "hide": "true",
      "sort": "true",
      "filter": "true",
      "search": "true",
      "resize": "true",
      "dragable": "true"
    },
    {
      "title": "Container Weight",
      "dataField": "containerWeight",
      "dataType": "Number",
      "width": "Auto",
      "visible": "true",
      "hide": "true",
      "sort": "true",
      "filter": "true",
      "search": "true",
      "resize": "true",
      "dragable": "true"
    },
    {
      "title": "Include in ACM",
      "dataField": "includeInAcm",
      "dataType": "CheckBox",
      "resultRenderer": [],
      "width": "Auto",
      "visible": "true",
      "hide": "true",
      "sort": "true",
      "filter": "true",
      "search": "true",
      "resize": "true",
      "dragable": "true"
    },
    {
      "title": "Container Height",
      "dataField": "slotHeightTsu",
      "dataType": "Number",
      "width": "Auto",
      "visible": "false",
      "hide": "true",
      "sort": "true",
      "filter": "true",
      "search": "true",
      "resize": "true",
      "dragable": "true"
    },
    {
      "title": "Created Date",
      "dataField": "createdDate",
      "dataType": "Date",
      "width": "Auto",
      "visible": "false",
      "hide": "true",
      "sort": "true",
      "filter": "true",
      "search": "true",
      "resize": "true",
      "dragable": "true"
    },
    {
      "title": "Created By",
      "dataField": "createdByUserName",
      "dataType": "String",
      "width": "Auto",
      "visible": "false",
      "hide": "true",
      "sort": "true",
      "filter": "true",
      "search": "true",
      "resize": "true",
      "dragable": "true"
    },
    {
      "title": "Updated Date",
      "dataField": "updatedDate",
      "dataType": "Date",
      "width": "Auto",
      "visible": "false",
      "hide": "true",
      "sort": "true",
      "filter": "true",
      "search": "true",
      "resize": "true",
      "dragable": "true"
    },
    {
      "title": "Updated By",
      "dataField": "updatedByUserName",
      "dataType": "String",
      "width": "Auto",
      "visible": "false",
      "hide": "true",
      "sort": "true",
      "filter": "true",
      "search": "true",
      "resize": "true",
      "dragable": "true"
    },
    {
      "title": "Entity Created Context",
      "dataField": "entityCreatedContext.code",
      "dataType": "String",
      "width": "Auto",
      "visible": "false",
      "hide": "true",
      "sort": "true",
      "filter": "true",
      "search": "true",
      "resize": "true",
      "dragable": "true"
    },
    {
      "title": "Max Weight",
      "dataField": "containerMaxWeight",
      "dataType": "Number",
      "width": "Auto",
      "visible": "false",
      "hide": "true",
      "sort": "true",
      "filter": "true",
      "search": "true",
      "resize": "true",
      "dragable": "true"
    }
  ]
}
