{
  "id": "G40001",
  "name": "G40001",
  "size": {
    "height": "400",
    "width": "700"
  },
  "pagination": {
    "loadingSize": "100"
  },
  "inlineFilter": {
    "enable": "true"
  },
  "header": {
    "show": "true",
    "title": "Custom Grid Component",
    "align": "left"
  },
  "views": {
    "show": "true",
    "title": "Views",
    "defaultViewText": "Default"
  },
  "search": {
    "show": "false",
    "title": "Search",
    "textWidth": "300"
  },
  "hideShowColumns": {
    "show": "true",
    "title": "Show/ Hide Columns"
  },
  "clearFilter": {
    "show": "true",
    "title": "Clear Filter"
  },
  "refresh": {
    "show": "true",
    "title": "Refresh"
  },
  "lookup": {
    "show": "true",
    "title": "Quick Look",
    "textWidth": "200"
  },
  "recordCount": {
    "show": "true",
    "title": "Flights :"
  },
  "tools": {
    "title": "Tools",
    "show": "true"
  },
  "reports": {
    "title": "Reports",
    "show": "false"
  },
  "exportToExcel": {
    "title": "ExportToExcel",
    "show": "false"
  },
  "contextMenu": {
    "menus": [
      {
        "title": "Add Catering Station",
        "icon": "images/add.png",
        "function": "doAdd",
        "type": "grid"
      },
      {
        "title": "Edit Catering Station",
        "icon": "images/edit.png",
        "function": "doEdit",
        "type": "row"
      },
      {
        "title": "Delete Catering Station",
        "icon": "images/delete.png",
        "function": "doDelete",
        "type": "row"
      }
    ]
  },
  "functions": {
    "rowClickCallback": "callSingleClick",
    "rowDoubleClickCallback": "callDoubleClick"
  },
  "columns": [
    {
      "title": "Airline",
      "dataField": "airlineCode",
      "dataType": "String",
      "width": "110",
      "visible": "true",
      "hide": "false",
      "sort": "true",
      "filter": "true",
      "search": "true",
      "resize": "true",
      "dragable": "true",
      "disabled": "true"
    },
    {
      "title": "Flight#",
      "dataField": "flightNo",
      "dataType": "String",
      "width": "110",
      "visible": "true",
      "hide": "false",
      "sort": "true",
      "filter": "true",
      "search": "true",
      "resize": "true",
      "dragable": "true",
      "disabled": "true"
    },
    {
      "title": "Dep. Port",
      "dataField": "depPort",
      "dataType": "String",
      "width": "120",
      "visible": "true",
      "hide": "true",
      "sort": "true",
      "filter": "true",
      "search": "true",
      "resize": "true",
      "dragable": "true"
    },
    {
      "title": "Arr. Port",
      "dataField": "arrPort",
      "dataType": "String",
      "width": "120",
      "visible": "true",
      "hide": "true",
      "sort": "true",
      "filter": "true",
      "search": "true",
      "resize": "true",
      "dragable": "true"
    },
    {
      "title": "Dep. Date",
      "dataField": "deptDate",
      "dataType": "Date",
      "width": "130",
      "visible": "true",
      "hide": "true",
      "sort": "true",
      "filter": "true",
      "search": "true",
      "resize": "true",
      "dragable": "true"
    },
    {
      "title": "STD",
      "dataField": "stdDeptTime",
      "dataType": "String",
      "width": "100",
      "visible": "true",
      "hide": "true",
      "sort": "true",
      "filter": "true",
      "search": "true",
      "resize": "true",
      "dragable": "true"
    },
    {
      "title": "Arr. Date",
      "dataField": "arrDate",
      "dataType": "Date",
      "width": "120",
      "visible": "true",
      "hide": "true",
      "sort": "true",
      "filter": "true",
      "search": "true",
      "resize": "true",
      "dragable": "true"
    },
    {
      "title": "STA",
      "dataField": "stdArrTime",
      "dataType": "String",
      "width": "100",
      "visible": "true",
      "hide": "true",
      "sort": "true",
      "filter": "true",
      "search": "true",
      "resize": "true",
      "dragable": "true"
    },
    {
      "title": "Leg#",
      "dataField": "legNo",
      "dataType": "Number",
      "width": "100",
      "visible": "false",
      "hide": "true",
      "sort": "true",
      "filter": "true",
      "search": "true",
      "resize": "true",
      "dragable": "true"
    },
    {
      "title": "Tail#",
      "dataField": "tailNo",
      "dataType": "String",
      "width": "100",
      "visible": "false",
      "hide": "true",
      "sort": "true",
      "filter": "true",
      "search": "true",
      "resize": "true",
      "dragable": "true"
    },
    {
      "title": "Caterer",
      "dataField": "catererCode",
      "dataType": "String",
      "width": "110",
      "visible": "true",
      "hide": "true",
      "sort": "true",
      "filter": "true",
      "search": "true",
      "resize": "true",
      "dragable": "true"
    },
    {
      "title": "Catering Station",
      "dataField": "carrierCateringStation",
      "dataType": "String",
      "width": "180",
      "visible": "true",
      "hide": "true",
      "sort": "true",
      "filter": "true",
      "search": "true",
      "resize": "true",
      "dragable": "true"
    },
    {
      "title": "Product Code - Vrsn",
      "dataField": "productCodeVrsn",
      "dataType": "String",
      "width": "200",
      "visible": "true",
      "hide": "true",
      "sort": "true",
      "filter": "true",
      "search": "true",
      "resize": "true",
      "dragable": "true"
    },
    {
      "title": "Aircraft Layout",
      "dataField": "aircraftSubType",
      "dataType": "String",
      "width": "200",
      "visible": "true",
      "hide": "true",
      "sort": "true",
      "filter": "true",
      "search": "true",
      "resize": "true",
      "dragable": "true"
    },
    {
      "title": "Schedule Config",
      "dataField": "config",
      "dataType": "String",
      "width": "200",
      "visible": "true",
      "hide": "true",
      "sort": "true",
      "filter": "true",
      "search": "true",
      "resize": "true",
      "dragable": "true"
    },
    {
      "title": "AC Layout Config",
      "dataField": "acLayOutConfig",
      "dataType": "String",
      "width": "200",
      "visible": "false",
      "hide": "true",
      "sort": "true",
      "filter": "true",
      "search": "true",
      "resize": "true",
      "dragable": "true"
    },
    {
      "title": "Flight Type",
      "dataField": "flightType",
      "dataType": "String",
      "width": "150",
      "visible": "true",
      "hide": "true",
      "sort": "true",
      "filter": "true",
      "search": "true",
      "resize": "true",
      "dragable": "true"
    },
    {
      "title": "Service Code",
      "dataField": "serviceCode",
      "dataType": "String",
      "width": "100",
      "visible": "false",
      "hide": "true",
      "sort": "true",
      "filter": "true",
      "search": "true",
      "resize": "true",
      "dragable": "true"
    },
    {
      "title": "Print Status",
      "dataField": "printStatus",
      "dataType": "String",
      "width": "120",
      "visible": "false",
      "hide": "true",
      "sort": "true",
      "filter": "true",
      "search": "true",
      "resize": "true",
      "dragable": "true"
    },
    {
      "title": "Stowage Exchange",
      "dataField": "exchangeTypeCodes",
      "dataType": "String",
      "width": "220",
      "visible": "true",
      "hide": "true",
      "sort": "true",
      "filter": "true",
      "search": "true",
      "resize": "true",
      "dragable": "true"
    },
    {
      "title": "Swapped Product",
      "dataField": "swappedProductCode",
      "dataType": "String",
      "width": "180",
      "visible": "false",
      "hide": "true",
      "sort": "true",
      "filter": "true",
      "search": "true",
      "resize": "true",
      "dragable": "true"
    },
    {
      "title": "Swapped Aircraft Layout",
      "dataField": "swappedAircraftLayoutCode",
      "dataType": "String",
      "width": "180",
      "visible": "false",
      "hide": "true",
      "sort": "true",
      "filter": "true",
      "search": "true",
      "resize": "true",
      "dragable": "true"
    }
  ]
}
