{
  "id": "SSIM_FILE_DATA_GRID",
  "name": "SSIM_FILE_DATA_GRID",
  "size": {
    "height": "400",
    "width": "700"
  },
  "pagination": {
    "loadingSize": "100"
  },
  "inlineFilter": {
    "enable": "true"
  },
  "header": {
    "show": "true",
    "title": "Custom Grid Component",
    "align": "left"
  },
  "views": {
    "show": "true",
    "title": "Views",
    "defaultViewText": "Default"
  },
  "search": {
    "show": "true",
    "title": "Search",
    "textWidth": "300"
  },
  "hideShowColumns": {
    "show": "true",
    "title": "Show/ Hide Columns"
  },
  "clearFilter": {
    "show": "true",
    "title": "Clear Filter"
  },
  "refresh": {
    "show": "true",
    "title": "Refresh"
  },
  "lookup": {
    "show": "true",
    "title": "Quick Look",
    "textWidth": "200"
  },
  "recordCount": {
    "show": "true",
    "title": "SSIM File Processing History:"
  },
  "tools": {
    "title": "Tools",
    "show": "false"
  },
  "reports": {
    "title": "Reports",
    "show": "false"
  },
  "exportToExcel": {
    "title": "ExportToExcel",
    "show": "false"
  },
  "enablePinning": {
    "enable": "false"
  },
  "contextMenu": {
    "menus": [
      {
        "title": "Add Task",
        "icon": "images/add.png",
        "function": "doAdd",
        "type": "grid"
      },
      {
        "title": "Edit Task",
        "icon": "images/edit.png",
        "function": "doEdit",
        "type": "row"
      },
      {
        "title": "Delete Task",
        "icon": "images/delete.png",
        "function": "doDelete",
        "type": "row"
      }
    ]
  },
  "functions": {
    "rowClickCallback": "callSingleClick",
    "rowDoubleClickCallback": "callDoubleClick"
  },
  "columns": [
    {
      "title": "File Name",
      "dataField": "fileName",
      "dataType": "String",
      "width": "300",
      "visible": "true",
      "hide": "true",
      "sort": "true",
      "filter": "true",
      "search": "true",
      "resize": "true",
      "dragable": "true"
    },
    {
      "title": "Received On",
      "dataField": "sentDate",
      "dataType": "Date",
      "width": "Auto",
      "visible": "true",
      "hide": "true",
      "sort": "true",
      "filter": "true",
      "search": "true",
      "resize": "true",
      "dragable": "true"
    },
    {
      "title": "Processed On",
      "dataField": "processedDate",
      "dataType": "Date",
      "width": "Auto",
      "visible": "true",
      "hide": "true",
      "sort": "true",
      "filter": "true",
      "search": "true",
      "resize": "true",
      "dragable": "true"
    },
    {
      "title": "Flt. Legs",
      "dataField": "flightLegs",
      "dataType": "Number",
      "width": "Auto",
      "visible": "true",
      "hide": "true",
      "sort": "true",
      "filter": "true",
      "search": "true",
      "resize": "true",
      "dragable": "true"
    },
    {
      "title": "Flt. Segments",
      "dataField": "flightSegments",
      "dataType": "Number",
      "width": "170",
      "visible": "true",
      "hide": "true",
      "sort": "true",
      "filter": "true",
      "search": "true",
      "resize": "true",
      "dragable": "true"
    },
    {
      "title": "Non-processed Flts",
      "dataField": "nonProcessedFlts",
      "dataType": "Number",
      "width": "190",
      "visible": "true",
      "hide": "true",
      "sort": "true",
      "filter": "true",
      "search": "true",
      "resize": "true",
      "dragable": "true"
    },
    {
      "title": "Process Status",
      "dataField": "processStatus",
      "dataType": "String",
      "width": "320",
      "visible": "true",
      "hide": "true",
      "sort": "true",
      "filter": "true",
      "search": "true",
      "resize": "true",
      "dragable": "true"
    }
  ]
}
