{
  "id": "G21014",
  "name": "Flight Schedules",
  "size": {
    "height": "400",
    "width": "700"
  },
  "pagination": {
    "loadingSize": "100"
  },
  "inlineFilter": {
    "enable": "true"
  },
  "header": {
    "show": "true",
    "title": "Custom Grid Component",
    "align": "left"
  },
  "views": {
    "show": "true",
    "title": "Views",
    "defaultViewText": "Default"
  },
  "search": {
    "show": "true",
    "title": "Search",
    "textWidth": "300"
  },
  "hideShowColumns": {
    "show": "true",
    "title": "Show/ Hide Columns"
  },
  "clearFilter": {
    "show": "true",
    "title": "Clear Filter"
  },
  "refresh": {
    "show": "true",
    "title": "Refresh"
  },
  "lookup": {
    "show": "true",
    "title": "Quick Look",
    "textWidth": "200"
  },
  "recordCount": {
    "show": "true",
    "title": "Flight Schedule:"
  },
  "tools": {
    "title": "Tools",
    "show": "true"
  },
  "reports": {
    "title": "Reports",
    "show": "true"
  },
  "exportToExcel": {
    "title": "ExportToExcel",
    "show": "true"
  },
  "contextMenu": {
    "menus": [
      {
        "title": "Add Task",
        "icon": "images/add.png",
        "function": "doAdd",
        "type": "grid"
      },
      {
        "title": "Edit Task",
        "icon": "images/edit.png",
        "function": "doEdit",
        "type": "row"
      },
      {
        "title": "Delete Task",
        "icon": "images/delete.png",
        "function": "doDelete",
        "type": "row"
      }
    ]
  },
  "functions": {
    "rowClickCallback": "callSingleClick",
    "rowDoubleClickCallback": "callDoubleClick"
  },
  "columns": [
    {
      "title": "Flight#",
      "dataField": "flightScheduleCode",
      "dataType": "AlphaNumeric",
      "width": "Auto",
      "visible": "true",
      "hide": "false",
      "sort": "true",
      "filter": "true",
      "search": "true",
      "resize": "true",
      "dragable": "true",
      "disabled": "true"
    },
    {
      "title": "Airline",
      "dataField": "airlineCode",
      "dataType": "String",
      "width": "Auto",
      "visible": "true",
      "hide": "false",
      "sort": "true",
      "filter": "true",
      "search": "true",
      "resize": "true",
      "dragable": "true",
      "disabled": "true"
    },
    {
      "title": "Leg#",
      "dataField": "leg",
      "dataType": "Number",
      "width": "Auto",
      "visible": "true",
      "hide": "true",
      "sort": "true",
      "filter": "true",
      "search": "true",
      "resize": "true",
      "dragable": "true"
    },
    {
      "title": "Dep. Port",
      "dataField": "depPortCode",
      "dataType": "String",
      "width": "Auto",
      "visible": "true",
      "hide": "true",
      "sort": "true",
      "filter": "true",
      "search": "true",
      "resize": "true",
      "dragable": "true"
    },
    {
      "title": "Arr. Port",
      "dataField": "arrPortCode",
      "dataType": "String",
      "width": "Auto",
      "visible": "true",
      "hide": "true",
      "sort": "true",
      "filter": "true",
      "search": "true",
      "resize": "true",
      "dragable": "true"
    },
    {
      "title": "Aircraft Type",
      "dataField": "aircraftTypeCode",
      "dataType": "String",
      "findRenderer": {
        "ListItemRenderer": {
          "@displayField": "aircraftTypeCode",
          "@serviceName": "designerService",
          "@methodName": "findAircraftTypes"
        }
      },
      "width": "Auto",
      "visible": "true",
      "hide": "true",
      "sort": "true",
      "filter": "true",
      "search": "true",
      "resize": "true",
      "dragable": "true"
    },
    {
      "title": "Catering Station",
      "dataField": "carrierCateringStationCode",
      "dataType": "String",
      "findRenderer": {
        "ListItemRenderer": {
          "@displayField": "cateringStationCode",
          "@serviceName": "cateringStationServiceRemoteObject",
          "@methodName": "getCateringStations"
        }
      },
      "width": "Auto",
      "visible": "true",
      "hide": "true",
      "sort": "true",
      "filter": "true",
      "search": "true",
      "resize": "true",
      "dragable": "true"
    },
    {
      "title": "Eff. Date",
      "dataField": "effDate",
      "dataType": "Date",
      "width": "Auto",
      "visible": "true",
      "hide": "true",
      "sort": "true",
      "filter": "true",
      "search": "true",
      "resize": "true",
      "dragable": "true"
    },
    {
      "title": "End Date",
      "dataField": "endDate",
      "dataType": "Date",
      "width": "Auto",
      "visible": "true",
      "hide": "true",
      "sort": "true",
      "filter": "true",
      "search": "true",
      "resize": "true",
      "dragable": "true"
    },
    {
      "title": "STD(HHMM)",
      "dataField": "std",
      "dataType": "String",
      "width": "Auto",
      "visible": "true",
      "hide": "true",
      "sort": "true",
      "filter": "true",
      "search": "true",
      "resize": "true",
      "dragable": "true"
    },
    {
      "title": "STA(HHMM)",
      "dataField": "sta",
      "dataType": "String",
      "width": "Auto",
      "visible": "true",
      "hide": "true",
      "sort": "true",
      "filter": "true",
      "search": "true",
      "resize": "true",
      "dragable": "true"
    },
    {
      "title": "Doop",
      "dataField": "doop",
      "dataType": "String",
      "width": "Auto",
      "visible": "true",
      "hide": "true",
      "sort": "true",
      "filter": "true",
      "search": "true",
      "resize": "true",
      "dragable": "true"
    },
    {
      "title": "Block Time(Mins.)",
      "dataField": "blockTime",
      "dataType": "Number",
      "width": "Auto",
      "visible": "true",
      "hide": "true",
      "sort": "true",
      "filter": "true",
      "search": "true",
      "resize": "true",
      "dragable": "true"
    },
    {
      "title": "Config",
      "dataField": "ssimString",
      "dataType": "String",
      "width": "Auto",
      "visible": "true",
      "hide": "true",
      "sort": "true",
      "filter": "true",
      "search": "true",
      "resize": "true",
      "dragable": "true"
    },
    {
      "title": "Flight Tags",
      "dataField": "flightTag",
      "dataType": "String",
      "width": "Auto",
      "visible": "true",
      "hide": "true",
      "sort": "true",
      "filter": "true",
      "search": "true",
      "resize": "true",
      "dragable": "true"
    },
    {
      "title": "Virtual Container Exchanges",
      "dataField": "exchangeTypeCodes",
      "dataType": "String",
      "width": "120",
      "visible": "true",
      "hide": "true",
      "sort": "true",
      "filter": "true",
      "search": "true",
      "resize": "true",
      "dragable": "true"
    },
    {
      "title": "Mileage",
      "dataField": "mileage",
      "dataType": "Number",
      "width": "Auto",
      "visible": "true",
      "hide": "true",
      "sort": "true",
      "filter": "true",
      "search": "true",
      "resize": "true",
      "dragable": "true"
    },
    {
      "title": "Loading Profile",
      "dataField": "loadingProfileCode",
      "dataType": "String",
      "width": "Auto",
      "visible": "true",
      "hide": "true",
      "sort": "true",
      "filter": "true",
      "search": "true",
      "resize": "true",
      "dragable": "true"
    },
    {
      "title": "Products",
      "dataField": "products",
      "dataType": "String",
      "width": "Auto",
      "visible": "true",
      "hide": "true",
      "sort": "true",
      "filter": "true",
      "search": "true",
      "resize": "true",
      "dragable": "true"
    },
    {
      "title": "Flight Types",
      "dataField": "flightType.gpFlightTypeCode",
      "dataType": "String",
      "width": "Auto",
      "visible": "true",
      "hide": "true",
      "sort": "true",
      "filter": "true",
      "search": "true",
      "resize": "true",
      "dragable": "true"
    },
    {
      "title": "Menu Code(s)",
      "dataField": "menuCodeCode",
      "dataType": "String",
      "width": "Auto",
      "visible": "false",
      "hide": "true",
      "sort": "true",
      "filter": "true",
      "search": "true",
      "resize": "true",
      "dragable": "true"
    },
    {
      "title": "Next Flight No",
      "dataField": "onWardFlightNo",
      "dataType": "String",
      "width": "Auto",
      "visible": "false",
      "hide": "true",
      "sort": "true",
      "filter": "true",
      "search": "true",
      "resize": "true",
      "dragable": "true"
    },
    {
      "title": "Created Date",
      "dataField": "createdDate",
      "dataType": "Date",
      "width": "Auto",
      "visible": "false",
      "hide": "true",
      "sort": "true",
      "filter": "true",
      "search": "true",
      "resize": "true",
      "dragable": "true"
    },
    {
      "title": "Created By",
      "dataField": "createdByUserName",
      "dataType": "String",
      "width": "Auto",
      "visible": "false",
      "hide": "true",
      "sort": "true",
      "filter": "true",
      "search": "true",
      "resize": "true",
      "dragable": "true"
    },
    {
      "title": "Updated Date",
      "dataField": "updatedDate",
      "dataType": "Date",
      "width": "Auto",
      "visible": "false",
      "hide": "true",
      "sort": "true",
      "filter": "true",
      "search": "true",
      "resize": "true",
      "dragable": "true"
    },
    {
      "title": "Updated By",
      "dataField": "updatedByUserName",
      "dataType": "String",
      "width": "Auto",
      "visible": "false",
      "hide": "true",
      "sort": "true",
      "filter": "true",
      "search": "true",
      "resize": "true",
      "dragable": "true"
    }
  ]
}
