{
  "id": "Parts Catalog",
  "name": "Parts Catalog",
  "icon": "partsCatalog",
  "size": {
    "height": "400",
    "width": "700"
  },
  "pagination": {
    "loadingSize": "1000"
  },
  "inlineFilter": {
    "enable": "true"
  },
  "header": {
    "show": "true",
    "title": "Custom Grid Component",
    "align": "left"
  },
  "views": {
    "show": "true",
    "title": "Views",
    "defaultViewText": "Default"
  },
  "search": {
    "show": "true",
    "title": "Search",
    "textWidth": "300"
  },
  "hideShowColumns": {
    "show": "true",
    "title": "Show/ Hide Columns"
  },
  "clearFilter": {
    "show": "true",
    "title": "Clear Filter"
  },
  "refresh": {
    "show": "true",
    "title": "Refresh"
  },
  "config": {
    "show": "true",
    "title": "config"
  },
  "lookup": {
    "show": "true",
    "title": "Quick Look",
    "textWidth": "200"
  },
  "recordCount": {
    "show": "true",
    "title": "Parts :"
  },
  "tools": {
    "title": "Tools",
    "show": "true"
  },
  "reports": {
    "title": "Reports",
    "show": "true"
  },
  "exportToExcel": {
    "title": "ExportToExcel",
    "show": "true"
  },
  "enablePinning": {
    "enable": "true"
  },
  "contextMenu": {
    "menus": [
      {
        "title": "Add Task",
        "icon": "images/add.png",
        "function": "doAdd",
        "type": "grid"
      },
      {
        "title": "Edit Task",
        "icon": "images/edit.png",
        "function": "doEdit",
        "type": "row"
      },
      {
        "title": "Delete Task",
        "icon": "images/delete.png",
        "function": "doDelete",
        "type": "row"
      }
    ]
  },
  "functions": {
    "rowClickCallback": "callSingleClick",
    "rowDoubleClickCallback": "callDoubleClick"
  },
  "columns": [
    {
      "title": "Part#",
      "dataField": "gpPartNo",
      "dataType": "String",
      "width": "140",
      "visible": "true",
      "hide": "false",
      "sort": "true",
      "filter": "true",
      "search": "true",
      "resize": "true",
      "dragable": "true",
      "disabled": "true"
    },
    {
      "title": "Part Name",
      "dataField": "gpPartName",
      "dataType": "String",
      "width": "220",
      "visible": "true",
      "hide": "false",
      "sort": "true",
      "filter": "true",
      "search": "true",
      "resize": "true",
      "dragable": "true",
      "disabled": "true"
    },
    {
      "title": "Supplier",
      "dataField": "supplier",
      "dataType": "String",
      "width": "170",
      "visible": "true",
      "hide": "false",
      "sort": "true",
      "filter": "true",
      "search": "true",
      "resize": "true",
      "dragable": "true"
    },
    {
      "title": "Usage Type",
      "dataField": "usageType",
      "dataType": "String",
      "width": "Auto",
      "visible": "true",
      "hide": "false",
      "sort": "true",
      "filter": "true",
      "search": "true",
      "resize": "true",
      "dragable": "true"
    },
    {
      "title": "Category Name",
      "dataField": "categoryName",
      "dataType": "String",
      "width": "Auto",
      "visible": "true",
      "hide": "false",
      "sort": "true",
      "filter": "true",
      "search": "true",
      "resize": "true",
      "dragable": "true"
    },
    {
      "title": "Category",
      "dataField": "category",
      "dataType": "String",
      "width": "Auto",
      "visible": "false ",
      "hide": "true",
      "sort": "true",
      "filter": "true",
      "search": "true",
      "resize": "true",
      "dragable": "true"
    },
    {
      "title": "Weight",
      "dataField": "weight",
      "dataType": "Number",
      "width": "Auto",
      "visible": "true",
      "hide": "false",
      "sort": "true",
      "filter": "true",
      "search": "true",
      "resize": "true",
      "dragable": "true"
    },
    {
      "title": "Weight Units",
      "dataField": "weightUnit",
      "dataType": "String",
      "width": "Auto",
      "visible": "true",
      "hide": "false",
      "sort": "true",
      "filter": "true",
      "search": "true",
      "resize": "true",
      "dragable": "true"
    },
    {
      "title": "Class",
      "dataField": "internalName",
      "dataType": "String",
      "findRenderer": {
        "ListItemRenderer": {
          "@displayField": "internalName",
          "@serviceName": "globalDataServiceRemoteObject",
          "@methodName": "findAllClassOfSvc"
        }
      },
      "width": "Auto",
      "visible": "true",
      "hide": "false",
      "sort": "true",
      "filter": "true",
      "search": "true",
      "resize": "true",
      "dragable": "true"
    },
    {
      "title": "Cost",
      "dataField": "cost",
      "dataType": "Number",
      "width": "150",
      "visible": "true",
      "hide": "false",
      "sort": "true",
      "filter": "true",
      "search": "true",
      "resize": "true",
      "dragable": "true"
    },
    {
      "title": "Currency Name",
      "dataField": "currencyName",
      "dataType": "String",
      "width": "180",
      "visible": "true",
      "hide": "false",
      "sort": "true",
      "filter": "true",
      "search": "true",
      "resize": "true",
      "dragable": "true"
    },
    {
      "title": "Issue Unit",
      "dataField": "issueUnit",
      "dataType": "String",
      "width": "150",
      "visible": "true",
      "hide": "false",
      "sort": "true",
      "filter": "true",
      "search": "true",
      "resize": "true",
      "dragable": "true"
    },
    {
      "title": "Issue Quantity",
      "dataField": "issueQuantity",
      "dataType": "Number",
      "width": "150",
      "visible": "false",
      "hide": "true",
      "sort": "true",
      "filter": "true",
      "search": "true",
      "resize": "true",
      "dragable": "true"
    },
    {
      "title": "Sector Life",
      "dataField": "sectorLife",
      "dataType": "Number",
      "width": "150",
      "visible": "true",
      "hide": "false",
      "sort": "true",
      "filter": "true",
      "search": "true",
      "resize": "true",
      "dragable": "true"
    },
    {
      "title": "Shape Type",
      "dataField": "shapeType",
      "dataType": "String",
      "width": "150",
      "visible": "true",
      "hide": "false",
      "sort": "true",
      "filter": "true",
      "search": "true",
      "resize": "true",
      "dragable": "true"
    },
    {
      "title": "Is Sellable",
      "dataField": "sellable",
      "dataType": "CheckBox",
      "resultRenderer": [],
      "width": "Auto",
      "visible": "true",
      "hide": "false",
      "sort": "true",
      "filter": "true",
      "search": "true",
      "resize": "true",
      "dragable": "true"
    },
    {
      "title": "Include in BOM",
      "dataField": "includeInBom",
      "dataType": "CheckBox",
      "resultRenderer": [],
      "width": "Auto",
      "visible": "false",
      "hide": "true",
      "sort": "true",
      "filter": "true",
      "search": "true",
      "resize": "true",
      "dragable": "true"
    },
    {
      "title": "Eff. Date",
      "dataField": "effDate",
      "dataType": "Date",
      "width": "Auto",
      "visible": "true",
      "hide": "false",
      "sort": "true",
      "filter": "true",
      "search": "true",
      "resize": "true",
      "dragable": "true"
    },
    {
      "title": "Part Description",
      "dataField": "partDesc",
      "dataType": "String",
      "width": "150",
      "visible": "false",
      "hide": "true",
      "sort": "true",
      "filter": "true",
      "search": "true",
      "resize": "true",
      "dragable": "true"
    },
    {
      "title": "Part Name 2",
      "dataField": "partName2",
      "dataType": "String",
      "width": "150",
      "visible": "false",
      "hide": "true",
      "sort": "true",
      "filter": "true",
      "search": "true",
      "resize": "true",
      "dragable": "true"
    },
    {
      "title": "Part# 2",
      "dataField": "part#2",
      "dataType": "String",
      "width": "150",
      "visible": "false",
      "hide": "true",
      "sort": "true",
      "filter": "true",
      "search": "true",
      "resize": "true",
      "dragable": "true"
    },
    {
      "title": "Part Description 2",
      "dataField": "partDesc2",
      "dataType": "String",
      "width": "150",
      "visible": "false",
      "hide": "true",
      "sort": "true",
      "filter": "true",
      "search": "true",
      "resize": "true",
      "dragable": "true"
    },
    {
      "title": "End Date",
      "dataField": "endDate",
      "dataType": "Date",
      "width": "Auto",
      "visible": "false",
      "hide": "true",
      "sort": "true",
      "filter": "true",
      "search": "true",
      "resize": "true",
      "dragable": "true"
    },
    {
      "title": "Created Date",
      "dataField": "createdDate",
      "dataType": "Date",
      "width": "Auto",
      "visible": "false",
      "hide": "true",
      "sort": "true",
      "filter": "true",
      "search": "true",
      "resize": "true",
      "dragable": "true"
    },
    {
      "title": "Created By",
      "dataField": "createdByUserName",
      "dataType": "String",
      "width": "Auto",
      "visible": "false",
      "hide": "true",
      "sort": "true",
      "filter": "true",
      "search": "true",
      "resize": "true",
      "dragable": "true"
    },
    {
      "title": "Updated Date",
      "dataField": "updatedDate",
      "dataType": "Date",
      "width": "Auto",
      "visible": "false",
      "hide": "true",
      "sort": "true",
      "filter": "true",
      "search": "true",
      "resize": "true",
      "dragable": "true"
    },
    {
      "title": "Updated By",
      "dataField": "updatedByUserName",
      "dataType": "String",
      "width": "Auto",
      "visible": "false",
      "hide": "true",
      "sort": "true",
      "filter": "true",
      "search": "true",
      "resize": "true",
      "dragable": "true"
    }
  ]
}
