{
  "GridConfig": {
    "id": "SCHD_PROD_ASSGN_RULE_GRID",
    "name": "SCHD_PROD_ASSGN_RULE_GRID",
    "size": {
      "height": "400",
      "width": "700"
    },
    "pagination": {
      "loadingSize": "100"
    },
    "inlineFilter": {
      "enable": "true"
    },
    "header": {
      "show": "true",
      "title": "Custom Grid Component",
      "align": "left"
    },
    "views": {
      "show": "true",
      "title": "Views",
      "defaultViewText": "Default"
    },
    "search": {
      "show": "true",
      "title": "Search",
      "textWidth": "300"
    },
    "hideShowColumns": {
      "show": "true",
      "title": "Show/ Hide Columns"
    },
    "clearFilter": {
      "show": "true",
      "title": "Clear Filter"
    },
    "refresh": {
      "show": "true",
      "title": "Refresh"
    },
    "lookup": {
      "show": "true",
      "title": "Quick Look",
      "textWidth": "200"
    },
    "recordCount": {
      "show": "true",
      "title": "Product/Exchange Rules :"
    },
    "tools": {
      "title": "Tools",
      "show": "true"
    },
    "reports": {
      "title": "Reports",
      "show": "true"
    },
    "exportToExcel": {
      "title": "ExportToExcel",
      "show": "true"
    },
    "enablePinning": {
      "enable": "true"
    },
    "contextMenu": {
      "menus": {
        "menu": [
          {
            "title": "Add Task",
            "icon": "images/add.png",
            "function": "doAdd",
            "type": "grid"
          },
          {
            "title": "Edit Task",
            "icon": "images/edit.png",
            "function": "doEdit",
            "type": "row"
          },
          {
            "title": "Delete Task",
            "icon": "images/delete.png",
            "function": "doDelete",
            "type": "row"
          }
        ]
      }
    },
    "functions": {
      "rowClickCallback": "callSingleClick",
      "rowDoubleClickCallback": "callDoubleClick"
    },
    "columns": [
      {
        "title": "Airline",
        "dataField": "airlineCode",
        "dataType": "String",
        "width": "100",
        "visible": "true",
        "hide": "false",
        "sort": "true",
        "filter": "true",
        "search": "true",
        "resize": "true",
        "dragable": "true",
        "disabled": "true"
      },
      {
        "title": "Rule Code",
        "dataField": "ruleCode",
        "dataType": "String",
        "width": "180",
        "visible": "true",
        "hide": "false",
        "sort": "true",
        "filter": "true",
        "search": "true",
        "resize": "true",
        "dragable": "true",
        "disabled": "true"
      },
      {
        "title": "Rule Name",
        "dataField": "ruleName",
        "dataType": "String",
        "width": "200",
        "visible": "true",
        "hide": "true",
        "sort": "true",
        "filter": "true",
        "search": "true",
        "resize": "true",
        "dragable": "true"
      },
      {
        "title": "Rule Type",
        "dataField": "ruleType",
        "dataType": "String",
        "width": "140",
        "visible": "true",
        "hide": "true",
        "sort": "true",
        "filter": "true",
        "search": "true",
        "resize": "true",
        "dragable": "true"
      },
      {
        "title": "Flight#",
        "dataField": "flightNo",
        "dataType": "String",
        "width": "Auto",
        "visible": "true",
        "hide": "false",
        "sort": "true",
        "filter": "true",
        "search": "true",
        "resize": "true",
        "dragable": "true",
        "disabled": "true"
      },
      {
        "title": "Dep. Port",
        "dataField": "depPortCode",
        "dataType": "String",
        "width": "Auto",
        "visible": "true",
        "hide": "true",
        "sort": "true",
        "filter": "true",
        "search": "true",
        "resize": "true",
        "dragable": "true"
      },
      {
        "title": "Arr. Port",
        "dataField": "arrPortCode",
        "dataType": "String",
        "width": "Auto",
        "visible": "true",
        "hide": "true",
        "sort": "true",
        "filter": "true",
        "search": "true",
        "resize": "true",
        "dragable": "true"
      },
      {
        "title": "Doop",
        "dataField": "doop",
        "dataType": "String",
        "width": "Auto",
        "visible": "true",
        "hide": "true",
        "sort": "true",
        "filter": "true",
        "search": "true",
        "resize": "true",
        "dragable": "true"
      },
      {
        "title": "Aircraft Type",
        "dataField": "aircraftTypeCode",
        "dataType": "String",
        "width": "150",
        "visible": "true",
        "hide": "true",
        "sort": "true",
        "filter": "true",
        "search": "true",
        "resize": "true",
        "dragable": "true"
      },
      {
        "title": "Config",
        "dataField": "ssimString",
        "dataType": "String",
        "width": "115",
        "visible": "true",
        "hide": "true",
        "sort": "true",
        "filter": "true",
        "search": "true",
        "resize": "true",
        "dragable": "true"
      },
      {
        "title": "From Time",
        "dataField": "startTime",
        "dataType": "String",
        "width": "Auto",
        "visible": "true",
        "hide": "true",
        "sort": "true",
        "filter": "true",
        "search": "true",
        "resize": "true",
        "dragable": "true"
      },
      {
        "title": "To Time",
        "dataField": "endTime",
        "dataType": "String",
        "width": "Auto",
        "visible": "true",
        "hide": "true",
        "sort": "true",
        "filter": "true",
        "search": "true",
        "resize": "true",
        "dragable": "true"
      },
      {
        "title": "Leg#",
        "dataField": "leg",
        "dataType": "Number",
        "width": "Auto",
        "visible": "true",
        "hide": "true",
        "sort": "true",
        "filter": "true",
        "search": "true",
        "resize": "true",
        "dragable": "true"
      },
      {
        "title": "Flight Tag",
        "dataField": "flightTagCode",
        "dataType": "String",
        "width": "150",
        "visible": "true",
        "hide": "true",
        "sort": "true",
        "filter": "true",
        "search": "true",
        "resize": "true",
        "dragable": "true"
      },
      {
        "title": "Block Time From(Min)",
        "dataField": "blockTimeFrom",
        "dataType": "Number",
        "width": "210",
        "visible": "true",
        "hide": "true",
        "sort": "true",
        "filter": "true",
        "search": "true",
        "resize": "true",
        "dragable": "true"
      },
      {
        "title": "Block Time To(Min)",
        "dataField": "blockTimeTo",
        "dataType": "Number",
        "width": "210",
        "visible": "true",
        "hide": "true",
        "sort": "true",
        "filter": "true",
        "search": "true",
        "resize": "true",
        "dragable": "true"
      },
      {
        "title": "Mileage From",
        "dataField": "mileageFrom",
        "dataType": "Number",
        "width": "Auto",
        "visible": "true",
        "hide": "true",
        "sort": "true",
        "filter": "true",
        "search": "true",
        "resize": "true",
        "dragable": "true"
      },
      {
        "title": "Mileage To",
        "dataField": "mileageTo",
        "dataType": "Number",
        "width": "Auto",
        "visible": "true",
        "hide": "true",
        "sort": "true",
        "filter": "true",
        "search": "true",
        "resize": "true",
        "dragable": "true"
      },
      {
        "title": "Use Product Match",
        "dataField": "useProductMatch",
        "dataType": "CheckBox",
        "resultRenderer": {
          "_type": "CheckBoxRenderer"
        },
        "width": "200",
        "visible": "true",
        "hide": "true",
        "sort": "true",
        "filter": "true",
        "search": "true",
        "resize": "true",
        "dragable": "true"
      },
      {
        "title": "Active",
        "dataField": "isActive",
        "dataType": "CheckBox",
        "resultRenderer": {
          "_type": "CheckBoxRenderer"
        },
        "width": "Auto",
        "visible": "true",
        "hide": "true",
        "sort": "true",
        "filter": "true",
        "search": "true",
        "resize": "true",
        "dragable": "true"
      },
      {
        "title": "Products",
        "dataField": "defaultProducts",
        "dataType": "String",
        "width": "180",
        "visible": "true",
        "hide": "true",
        "sort": "true",
        "filter": "true",
        "search": "true",
        "resize": "true",
        "dragable": "true"
      },
      {
        "title": "Alt. Products",
        "dataField": "alternateProducts",
        "dataType": "String",
        "width": "180",
        "visible": "true",
        "hide": "true",
        "sort": "true",
        "filter": "true",
        "search": "true",
        "resize": "true",
        "dragable": "true"
      },
      {
        "title": "Exchange Types",
        "dataField": "exchangeTypes",
        "dataType": "String",
        "width": "180",
        "visible": "true",
        "hide": "true",
        "sort": "true",
        "filter": "true",
        "search": "true",
        "resize": "true",
        "dragable": "true"
      },
      {
        "title": "Menu Code(s)",
        "dataField": "menuCodeCode",
        "dataType": "String",
        "width": "180",
        "visible": "false",
        "hide": "true",
        "sort": "true",
        "filter": "true",
        "search": "true",
        "resize": "true",
        "dragable": "true"
      },
      {
        "title": "Created Date",
        "dataField": "createdDate",
        "dataType": "Date",
        "width": "Auto",
        "visible": "false",
        "hide": "true",
        "sort": "true",
        "filter": "true",
        "search": "true",
        "resize": "true",
        "dragable": "true"
      },
      {
        "title": "Created By",
        "dataField": "createdByUserName",
        "dataType": "String",
        "width": "Auto",
        "visible": "false",
        "hide": "true",
        "sort": "true",
        "filter": "true",
        "search": "true",
        "resize": "true",
        "dragable": "true"
      },
      {
        "title": "Updated Date",
        "dataField": "updatedDate",
        "dataType": "Date",
        "width": "Auto",
        "visible": "false",
        "hide": "true",
        "sort": "true",
        "filter": "true",
        "search": "true",
        "resize": "true",
        "dragable": "true"
      },
      {
        "title": "Updated By",
        "dataField": "updatedByUserName",
        "dataType": "String",
        "width": "Auto",
        "visible": "false",
        "hide": "true",
        "sort": "true",
        "filter": "true",
        "search": "true",
        "resize": "true",
        "dragable": "true"
      }
    ]
  }
}
