{
  "GridConfig": {
    "id": "aircraftLayoutLookupGrid",
    "name": "aircraftLayoutLookupGrid",
    "size": {
      "height": "400",
      "width": "998"
    },
    "pagination": {
      "loadingSize": "30"
    },
    "inlineFilter": {
      "enable": "true"
    },
    "header": {
      "show": "false",
      "title": "Custom Grid Component",
      "align": "left"
    },
    "views": {
      "show": "false",
      "title": "Views",
      "defaultViewText": "Default"
    },
    "search": {
      "show": "true",
      "title": "Search",
      "textWidth": "300"
    },
    "hideShowColumns": {
      "show": "false",
      "title": "Show/ Hide Columns"
    },
    "lookup": {
      "show": "false",
      "title": "Quick Look",
      "textWidth": "200"
    },
    "recordCount": {
      "show": "true",
      "title": "Aircraft Family :"
    },
    "tools": {
      "title": "Tools",
      "show": "false"
    },
    "clearFilter": {
      "show": "true",
      "title": "Clear Filter"
    },
    "refresh": {
      "show": "true",
      "title": "Refresh"
    },
    "reports": {
      "title": "Reports",
      "show": "false"
    },
    "exportToExcel": {
      "title": "ExportToExcel",
      "show": "false"
    },
    "enablePinning": {
      "enable": "false"
    },
    "contextMenu": {
      "menus": {
        "menu": [
          {
            "title": "Add Task",
            "icon": "images/add.png",
            "function": "doAdd",
            "type": "grid"
          },
          {
            "title": "Edit Task",
            "icon": "images/edit.png",
            "function": "doEdit",
            "type": "row"
          },
          {
            "title": "Delete Task",
            "icon": "images/delete.png",
            "function": "doDelete",
            "type": "row"
          }
        ]
      }
    },
    "functions": {
      "rowClickCallback": "callSingleClick",
      "rowDoubleClickCallback": "callDoubleClick"
    },
    "columns": [
      {
        "title": "Code",
        "dataField": "aircraftFamilyCode",
        "dataType": "String",
        "width": "140",
        "visible": "true",
        "hide": "true",
        "sort": "true",
        "filter": "true",
        "search": "true",
        "resize": "true",
        "dragable": "true"
      },
      {
        "title": "Name",
        "dataField": "aircraftFamilyName",
        "dataType": "String",
        "width": "180",
        "visible": "true",
        "hide": "false",
        "sort": "true",
        "filter": "true",
        "search": "true",
        "resize": "true",
        "dragable": "true"
      },
      {
        "title": "Description",
        "dataField": "containerDesc",
        "dataType": "String",
        "width": "180",
        "visible": "true",
        "hide": "true",
        "sort": "true",
        "filter": "true",
        "search": "true",
        "resize": "true",
        "dragable": "true"
      },
      {
        "title": "Created Date",
        "dataField": "createdDate",
        "dataType": "Date",
        "width": "Auto",
        "visible": "true",
        "hide": "true",
        "sort": "true",
        "filter": "true",
        "search": "true",
        "resize": "true",
        "dragable": "true"
      },
      {
        "title": "Created By",
        "dataField": "createdByUserName",
        "dataType": "String",
        "width": "Auto",
        "visible": "true",
        "hide": "true",
        "sort": "true",
        "filter": "true",
        "search": "true",
        "resize": "true",
        "dragable": "true"
      },
      {
        "title": "Updated Date",
        "dataField": "updatedDate",
        "dataType": "Date",
        "width": "Auto",
        "visible": "true",
        "hide": "true",
        "sort": "true",
        "filter": "true",
        "search": "true",
        "resize": "true",
        "dragable": "true"
      },
      {
        "title": "Updated By",
        "dataField": "updatedByUserName",
        "dataType": "String",
        "width": "359",
        "visible": "true",
        "hide": "true",
        "sort": "true",
        "filter": "true",
        "search": "true",
        "resize": "true",
        "dragable": "true"
      }
    ]
  }
}
