{
  "id": "notesdictionary",
  "name": "notesdictionary",
  "size": {
    "height": "400",
    "width": "700"
  },
  "pagination": {
    "loadingSize": "100"
  },
  "inlineFilter": {
    "enable": "true"
  },
  "header": {
    "show": "true",
    "title": "Custom Grid Component",
    "align": "left"
  },
  "views": {
    "show": "true",
    "title": "Views",
    "defaultViewText": "Default"
  },
  "search": {
    "show": "true",
    "title": "Search",
    "textWidth": "300"
  },
  "hideShowColumns": {
    "show": "true",
    "title": "Show/ Hide Columns"
  },
  "clearFilter": {
    "show": "true",
    "title": "Clear Filter"
  },
  "refresh": {
    "show": "true",
    "title": "Refresh"
  },
  "lookup": {
    "show": "true",
    "title": "Quick Look",
    "textWidth": "200"
  },
  "recordCount": {
    "show": "true",
    "title": "Note(s):"
  },
  "tools": {
    "title": "Tools",
    "show": "true"
  },
  "reports": {
    "title": "Reports",
    "show": "true"
  },
  "exportToExcel": {
    "title": "ExportToExcel",
    "show": "true"
  },
  "contextMenu": {
    "menus": [
      {
        "title": "Add Task",
        "icon": "images/add.png",
        "function": "doAdd",
        "type": "grid"
      },
      {
        "title": "Edit Task",
        "icon": "images/edit.png",
        "function": "doEdit",
        "type": "row"
      },
      {
        "title": "Delete Task",
        "icon": "images/delete.png",
        "function": "doDelete",
        "type": "row"
      }
    ]
  },
  "functions": {
    "rowClickCallback": "callSingleClick",
    "rowDoubleClickCallback": "callDoubleClick"
  },
  "columns": [
    {
      "title": "Code",
      "dataField": "noteDictionaryCode",
      "dataType": "String",
      "width": "200",
      "visible": "true",
      "hide": "false",
      "sort": "true",
      "filter": "true",
      "search": "true",
      "resize": "true",
      "dragable": "true",
      "disabled": "true"
    },
    {
      "title": "Name",
      "dataField": "noteDictionaryName",
      "dataType": "String",
      "width": "200",
      "visible": "true",
      "hide": "false",
      "sort": "true",
      "filter": "true",
      "search": "true",
      "resize": "true",
      "dragable": "true",
      "disabled": "true"
    },
    {
      "title": "Notes",
      "dataField": "noteDictionaryPlainText",
      "dataType": "String",
      "resultRenderer": {
        "StringToolTipRenderer": []
      },
      "width": "500",
      "visible": "true",
      "hide": "false",
      "sort": "true",
      "filter": "true",
      "search": "true",
      "resize": "true",
      "dragable": "true",
      "disabled": "true"
    },
    {
      "title": "Tag",
      "dataField": "noteTag",
      "dataType": "String",
      "resultRenderer": {
        "StringToolTipRenderer": []
      },
      "width": "220",
      "visible": "true",
      "hide": "true",
      "sort": "true",
      "filter": "true",
      "search": "true",
      "resize": "true",
      "dragable": "true"
    },
    {
      "title": "Type",
      "dataField": "noteTypeName",
      "dataType": "String",
      "findRenderer": {
        "ListItemRenderer": {
          "@displayField": "noteTypeName",
          "@serviceName": "globalDataRemoteObject",
          "@methodName": "findAllNoteType"
        }
      },
      "width": "250",
      "visible": "true",
      "hide": "true",
      "sort": "true",
      "filter": "true",
      "search": "true",
      "resize": "true",
      "dragable": "true"
    },
    {
      "title": "Eff. Date",
      "dataField": "effDate",
      "dataType": "Date",
      "width": "160",
      "visible": "false",
      "hide": "true",
      "sort": "true",
      "filter": "true",
      "search": "true",
      "resize": "true",
      "dragable": "true"
    },
    {
      "title": "Created By",
      "dataField": "createdByUserName",
      "dataType": "String",
      "width": "160",
      "visible": "false",
      "hide": "true",
      "sort": "true",
      "filter": "true",
      "search": "true",
      "resize": "true",
      "dragable": "true"
    },
    {
      "title": "Created Date",
      "dataField": "createdDate",
      "dataType": "Date",
      "width": "160",
      "visible": "false",
      "hide": "true",
      "sort": "true",
      "filter": "true",
      "search": "true",
      "resize": "true",
      "dragable": "true"
    },
    {
      "title": "Updated By",
      "dataField": "updatedByUserName",
      "dataType": "String",
      "width": "160",
      "visible": "false",
      "hide": "true",
      "sort": "true",
      "filter": "true",
      "search": "true",
      "resize": "true",
      "dragable": "true"
    },
    {
      "title": "Updated Date",
      "dataField": "updatedDate",
      "dataType": "Date",
      "width": "160",
      "visible": "false",
      "hide": "true",
      "sort": "true",
      "filter": "true",
      "search": "true",
      "resize": "true",
      "dragable": "true"
    },
    {
      "title": "Is Note Library",
      "dataField": "isNoteLibrary",
      "dataType": "CheckBox",
      "resultRenderer": [],
      "width": "Auto",
      "visible": "false",
      "hide": "true",
      "sort": "true",
      "filter": "true",
      "search": "true",
      "resize": "true",
      "dragable": "true"
    }
  ]
}
