{
  "id": "G30010",
  "name": "Published Reports",
  "size": {
    "height": "400",
    "width": "700"
  },
  "pagination": {
    "loadingSize": "100"
  },
  "inlineFilter": {
    "enable": "true"
  },
  "header": {
    "show": "true",
    "title": "Custom Grid Component",
    "align": "left"
  },
  "views": {
    "show": "true",
    "title": "Views",
    "defaultViewText": "Default"
  },
  "clearFilter": {
    "show": "true",
    "title": "Clear Filter"
  },
  "refresh": {
    "show": "true",
    "title": "Refresh"
  },
  "search": {
    "show": "true",
    "title": "Search",
    "textWidth": "300"
  },
  "hideShowColumns": {
    "show": "true",
    "title": "Show/ Hide Columns"
  },
  "lookup": {
    "show": "true",
    "title": "Quick Look",
    "textWidth": "200"
  },
  "recordCount": {
    "show": "true",
    "title": "Published Reports:"
  },
  "tools": {
    "title": "Tools",
    "show": "false"
  },
  "reports": {
    "title": "Reports",
    "show": "true"
  },
  "exportToExcel": {
    "title": "ExportToExcel",
    "show": "true"
  },
  "contextMenu": {
    "menus": [
      {
        "title": "Add Task",
        "icon": "images/add.png",
        "function": "doAdd",
        "type": "grid"
      },
      {
        "title": "Edit Task",
        "icon": "images/edit.png",
        "function": "doEdit",
        "type": "row"
      },
      {
        "title": "Delete Task",
        "icon": "images/delete.png",
        "function": "doDelete",
        "type": "row"
      }
    ]
  },
  "functions": {
    "rowClickCallback": "callSingleClick",
    "rowDoubleClickCallback": "callDoubleClick"
  },
  "columns": [
    {
      "title": "Publication Code",
      "dataField": "publicationCode",
      "dataType": "String",
      "width": "Auto",
      "visible": "true",
      "hide": "false",
      "sort": "true",
      "filter": "true",
      "search": "true",
      "resize": "true",
      "dragable": "true",
      "disabled": "true"
    },
    {
      "title": "Publication Name",
      "dataField": "publicationName",
      "dataType": "String",
      "width": "Auto",
      "visible": "true",
      "hide": "false",
      "sort": "true",
      "filter": "true",
      "search": "true",
      "resize": "true",
      "dragable": "true",
      "disabled": "true"
    },
    {
      "title": "Manual Code",
      "dataField": "manualCode",
      "dataType": "String",
      "width": "Auto",
      "visible": "true",
      "hide": "true",
      "sort": "true",
      "filter": "true",
      "search": "true",
      "resize": "true",
      "dragable": "true"
    },
    {
      "title": "Manual Name",
      "dataField": "manualName",
      "dataType": "String",
      "width": "Auto",
      "visible": "true",
      "hide": "true",
      "sort": "true",
      "filter": "true",
      "search": "true",
      "resize": "true",
      "dragable": "true"
    },
    {
      "title": "Report Code",
      "dataField": "reportCode",
      "dataType": "String",
      "width": "Auto",
      "visible": "true",
      "hide": "true",
      "sort": "true",
      "filter": "true",
      "search": "true",
      "resize": "true",
      "dragable": "true"
    },
    {
      "title": "Report Name",
      "dataField": "reportName",
      "dataType": "String",
      "width": "210",
      "visible": "true",
      "hide": "false",
      "sort": "true",
      "filter": "true",
      "search": "true",
      "resize": "true",
      "dragable": "true",
      "disabled": "true"
    },
    {
      "title": "Published Date",
      "dataField": "publishedDate",
      "dataType": "Date",
      "width": "Auto",
      "visible": "true",
      "hide": "true",
      "sort": "true",
      "filter": "true",
      "search": "true",
      "resize": "true",
      "dragable": "true"
    },
    {
      "title": "Aircraft Layout",
      "dataField": "aircraftLayoutCode",
      "dataType": "String",
      "width": "160",
      "visible": "true",
      "hide": "true",
      "sort": "true",
      "filter": "true",
      "search": "true",
      "resize": "true",
      "dragable": "true"
    },
    {
      "title": "Entity Type",
      "dataField": "entityType",
      "dataType": "String",
      "width": "Auto",
      "visible": "true",
      "hide": "true",
      "sort": "true",
      "filter": "true",
      "search": "true",
      "resize": "true",
      "dragable": "true"
    },
    {
      "title": "Entity Code",
      "dataField": "entityCode",
      "dataType": "String",
      "width": "Auto",
      "visible": "true",
      "hide": "true",
      "sort": "true",
      "filter": "true",
      "search": "true",
      "resize": "true",
      "dragable": "true"
    },
    {
      "title": "Entity Name",
      "dataField": "entityName",
      "dataType": "String",
      "width": "200",
      "visible": "true",
      "hide": "true",
      "sort": "true",
      "filter": "true",
      "search": "true",
      "resize": "true",
      "dragable": "true"
    },
    {
      "title": "Entity Vrsn",
      "dataField": "entityVrsn",
      "dataType": "Number",
      "width": "Auto",
      "visible": "true",
      "hide": "true",
      "sort": "true",
      "filter": "true",
      "search": "true",
      "resize": "true",
      "dragable": "true"
    },
    {
      "title": "Prod. Published Vrsn#",
      "dataField": "publishedVersionNo",
      "dataType": "String",
      "width": "240",
      "visible": "true",
      "hide": "true",
      "sort": "true",
      "filter": "true",
      "search": "true",
      "resize": "true",
      "dragable": "true"
    },
    {
      "title": "Entity Eff. Date",
      "dataField": "entityEffDate",
      "dataType": "Date",
      "width": "Auto",
      "visible": "true",
      "hide": "true",
      "sort": "true",
      "filter": "true",
      "search": "true",
      "resize": "true",
      "dragable": "true"
    },
    {
      "title": "Exchange Types",
      "dataField": "exchangeTypes",
      "dataType": "String",
      "width": "Auto",
      "visible": "true",
      "hide": "true",
      "sort": "true",
      "filter": "true",
      "search": "true",
      "resize": "true",
      "dragable": "true"
    },
    {
      "title": "Catering Stations",
      "dataField": "cateringStations",
      "dataType": "String",
      "width": "Auto",
      "visible": "true",
      "hide": "true",
      "sort": "true",
      "filter": "true",
      "search": "true",
      "resize": "true",
      "dragable": "true"
    },
    {
      "title": "Output Type",
      "dataField": "reportOutputType",
      "dataType": "String",
      "width": "180",
      "visible": "true",
      "hide": "true",
      "sort": "true",
      "filter": "true",
      "search": "true",
      "resize": "true",
      "dragable": "true"
    }
  ]
}
