{
  "id": "GT0023",
  "name": "Flight Schedules",
  "size": {
    "height": "400",
    "width": "700"
  },
  "pagination": {
    "loadingSize": "100"
  },
  "inlineFilter": {
    "enable": "true"
  },
  "header": {
    "show": "true",
    "title": "Custom Grid Component",
    "align": "left"
  },
  "views": {
    "show": "true",
    "title": "Views",
    "defaultViewText": "Default"
  },
  "search": {
    "show": "true",
    "title": "Search",
    "textWidth": "300"
  },
  "hideShowColumns": {
    "show": "true",
    "title": "Show/ Hide Columns"
  },
  "clearFilter": {
    "show": "true",
    "title": "Clear Filter"
  },
  "refresh": {
    "show": "true",
    "title": "Refresh"
  },
  "lookup": {
    "show": "true",
    "title": "Quick Look",
    "textWidth": "200"
  },
  "recordCount": {
    "show": "true",
    "title": "Manage Menu Codes:"
  },
  "tools": {
    "title": "Tools",
    "show": "true"
  },
  "reports": {
    "title": "Reports",
    "show": "false"
  },
  "exportToExcel": {
    "title": "ExportToExcel",
    "show": "false"
  },
  "enablePinning": {
    "enable": "false"
  },
  "contextMenu": {
    "menus": [
      {
        "title": "Add Task",
        "icon": "images/add.png",
        "function": "doAdd",
        "type": "grid"
      },
      {
        "title": "Edit Task",
        "icon": "images/edit.png",
        "function": "doEdit",
        "type": "row"
      },
      {
        "title": "Delete Task",
        "icon": "images/delete.png",
        "function": "doDelete",
        "type": "row"
      }
    ]
  },
  "functions": {
    "rowClickCallback": "callSingleClick",
    "rowDoubleClickCallback": "callDoubleClick"
  },
  "columns": [
    {
      "title": "Flt. Desg",
      "dataField": "flightDesg",
      "dataType": "String",
      "width": "180",
      "visible": "true",
      "hide": "false",
      "sort": "true",
      "filter": "true",
      "search": "true",
      "resize": "true",
      "dragable": "true",
      "disabled": "true"
    },
    {
      "title": "Eff. Date",
      "dataField": "effDate",
      "dataType": "Date",
      "width": "180",
      "visible": "true",
      "hide": "false",
      "sort": "true",
      "filter": "true",
      "search": "true",
      "resize": "true",
      "dragable": "true",
      "disabled": "true"
    },
    {
      "title": "Dis Date",
      "dataField": "disDate",
      "dataType": "Date",
      "width": "180",
      "visible": "true",
      "hide": "false",
      "sort": "true",
      "filter": "true",
      "search": "true",
      "resize": "true",
      "dragable": "true",
      "disabled": "true"
    },
    {
      "title": "Freq",
      "dataField": "frequency",
      "dataType": "String",
      "width": "180",
      "visible": "true",
      "hide": "true",
      "sort": "true",
      "filter": "true",
      "search": "true",
      "resize": "true",
      "dragable": "true"
    },
    {
      "title": "Fleet",
      "dataField": "fleet",
      "dataType": "String",
      "width": "180",
      "visible": "true",
      "hide": "true",
      "sort": "true",
      "filter": "true",
      "search": "true",
      "resize": "true",
      "dragable": "true"
    },
    {
      "title": "Sub Fleet",
      "dataField": "subFleet",
      "dataType": "String",
      "width": "180",
      "visible": "true",
      "hide": "true",
      "sort": "true",
      "filter": "true",
      "search": "true",
      "resize": "true",
      "dragable": "true"
    },
    {
      "title": "Dept Arp",
      "dataField": "deptArp",
      "dataType": "String",
      "width": "180",
      "visible": "true",
      "hide": "true",
      "sort": "true",
      "filter": "true",
      "search": "true",
      "resize": "true",
      "dragable": "true"
    },
    {
      "title": "Dept Time",
      "dataField": "deptTime",
      "dataType": "String",
      "width": "180",
      "visible": "true",
      "hide": "true",
      "sort": "true",
      "filter": "true",
      "search": "true",
      "resize": "true",
      "dragable": "true"
    },
    {
      "title": "Arvl Arp",
      "dataField": "arvlArp",
      "dataType": "String",
      "width": "180",
      "visible": "true",
      "hide": "true",
      "sort": "true",
      "filter": "true",
      "search": "true",
      "resize": "true",
      "dragable": "true"
    },
    {
      "title": "Arvl Time",
      "dataField": "arvlTime",
      "dataType": "String",
      "width": "180",
      "visible": "true",
      "hide": "true",
      "sort": "true",
      "filter": "true",
      "search": "true",
      "resize": "true",
      "dragable": "true"
    },
    {
      "title": "Config",
      "dataField": "config",
      "dataType": "String",
      "width": "180",
      "visible": "true",
      "hide": "true",
      "sort": "true",
      "filter": "true",
      "search": "true",
      "resize": "true",
      "dragable": "true"
    },
    {
      "title": "Abast. Catering",
      "dataField": "abastCatering",
      "dataType": "String",
      "width": "180",
      "visible": "true",
      "hide": "true",
      "sort": "true",
      "filter": "true",
      "search": "true",
      "resize": "true",
      "dragable": "true"
    },
    {
      "title": "bc_serv_1",
      "dataField": "bcServ1",
      "dataType": "String",
      "width": "180",
      "visible": "true",
      "hide": "true",
      "sort": "true",
      "filter": "true",
      "search": "true",
      "resize": "true",
      "dragable": "true"
    },
    {
      "title": "bc_serv_2",
      "dataField": "bcServ2",
      "dataType": "String",
      "width": "180",
      "visible": "true",
      "hide": "true",
      "sort": "true",
      "filter": "true",
      "search": "true",
      "resize": "true",
      "dragable": "true"
    },
    {
      "title": "bc_serv_3",
      "dataField": "bcServ3",
      "dataType": "String",
      "width": "180",
      "visible": "true",
      "hide": "true",
      "sort": "true",
      "filter": "true",
      "search": "true",
      "resize": "true",
      "dragable": "true"
    },
    {
      "title": "bc_serv_4",
      "dataField": "bcServ4",
      "dataType": "String",
      "width": "180",
      "visible": "true",
      "hide": "true",
      "sort": "true",
      "filter": "true",
      "search": "true",
      "resize": "true",
      "dragable": "true"
    },
    {
      "title": "bc_serv_5",
      "dataField": "bcServ5",
      "dataType": "String",
      "width": "180",
      "visible": "true",
      "hide": "true",
      "sort": "true",
      "filter": "true",
      "search": "true",
      "resize": "true",
      "dragable": "true"
    },
    {
      "title": "pe_serv_1",
      "dataField": "peServ1",
      "dataType": "String",
      "width": "180",
      "visible": "true",
      "hide": "true",
      "sort": "true",
      "filter": "true",
      "search": "true",
      "resize": "true",
      "dragable": "true"
    },
    {
      "title": "pe_serv_2",
      "dataField": "peServ2",
      "dataType": "String",
      "width": "180",
      "visible": "true",
      "hide": "true",
      "sort": "true",
      "filter": "true",
      "search": "true",
      "resize": "true",
      "dragable": "true"
    },
    {
      "title": "yc_serv_1",
      "dataField": "ycServ1",
      "dataType": "String",
      "width": "180",
      "visible": "true",
      "hide": "true",
      "sort": "true",
      "filter": "true",
      "search": "true",
      "resize": "true",
      "dragable": "true"
    },
    {
      "title": "yc_serv_2",
      "dataField": "ycServ2",
      "dataType": "String",
      "width": "180",
      "visible": "true",
      "hide": "true",
      "sort": "true",
      "filter": "true",
      "search": "true",
      "resize": "true",
      "dragable": "true"
    },
    {
      "title": "yc_serv_3",
      "dataField": "ycServ3",
      "dataType": "String",
      "width": "180",
      "visible": "true",
      "hide": "true",
      "sort": "true",
      "filter": "true",
      "search": "true",
      "resize": "true",
      "dragable": "true"
    },
    {
      "title": "yc_serv_4",
      "dataField": "ycServ4",
      "dataType": "String",
      "width": "180",
      "visible": "true",
      "hide": "true",
      "sort": "true",
      "filter": "true",
      "search": "true",
      "resize": "true",
      "dragable": "true"
    },
    {
      "title": "crew_serv_1",
      "dataField": "crewServ1",
      "dataType": "String",
      "width": "180",
      "visible": "true",
      "hide": "true",
      "sort": "true",
      "filter": "true",
      "search": "true",
      "resize": "true",
      "dragable": "true"
    },
    {
      "title": "crew_serv_2",
      "dataField": "crewServ2",
      "dataType": "String",
      "width": "180",
      "visible": "true",
      "hide": "true",
      "sort": "true",
      "filter": "true",
      "search": "true",
      "resize": "true",
      "dragable": "true"
    },
    {
      "title": "crew_serv_3",
      "dataField": "crewServ3",
      "dataType": "String",
      "width": "180",
      "visible": "true",
      "hide": "true",
      "sort": "true",
      "filter": "true",
      "search": "true",
      "resize": "true",
      "dragable": "true"
    },
    {
      "title": "crew_serv_4",
      "dataField": "crewServ4",
      "dataType": "String",
      "width": "180",
      "visible": "true",
      "hide": "true",
      "sort": "true",
      "filter": "true",
      "search": "true",
      "resize": "true",
      "dragable": "true"
    },
    {
      "title": "Created By",
      "dataField": "createdByUserName",
      "dataType": "String",
      "width": "Auto",
      "visible": "false",
      "hide": "true",
      "sort": "true",
      "filter": "true",
      "search": "true",
      "resize": "true",
      "dragable": "true"
    },
    {
      "title": "Created Date",
      "dataField": "createdDate",
      "dataType": "Date",
      "width": "Auto",
      "visible": "false",
      "hide": "true",
      "sort": "true",
      "filter": "true",
      "search": "true",
      "resize": "true",
      "dragable": "true"
    },
    {
      "title": "Updated By",
      "dataField": "updatedByUserName",
      "dataType": "String",
      "width": "Auto",
      "visible": "false",
      "hide": "true",
      "sort": "true",
      "filter": "true",
      "search": "true",
      "resize": "true",
      "dragable": "true"
    },
    {
      "title": "Updated Date",
      "dataField": "updatedDate",
      "dataType": "Date",
      "width": "Auto",
      "visible": "false",
      "hide": "true",
      "sort": "true",
      "filter": "true",
      "search": "true",
      "resize": "true",
      "dragable": "true"
    }
  ]
}
