{
  "id": "TOOLS_EXPORT_DATA_GRID",
  "name": "TOOLS_EXPORT_DATA_GRID",
  "size": {
    "height": "400",
    "width": "700"
  },
  "pagination": {
    "loadingSize": "100"
  },
  "inlineFilter": {
    "enable": "true"
  },
  "header": {
    "show": "true",
    "title": "Custom Grid Component",
    "align": "left"
  },
  "views": {
    "show": "true",
    "title": "Views",
    "defaultViewText": "Default"
  },
  "search": {
    "show": "true",
    "title": "Search",
    "textWidth": "300"
  },
  "hideShowColumns": {
    "show": "true",
    "title": "Show/ Hide Columns"
  },
  "clearFilter": {
    "show": "true",
    "title": "Clear Filter"
  },
  "refresh": {
    "show": "true",
    "title": "Refresh"
  },
  "lookup": {
    "show": "true",
    "title": "Quick Look",
    "textWidth": "200"
  },
  "recordCount": {
    "show": "true",
    "title": "Report Interface File(s):"
  },
  "tools": {
    "title": "Tools",
    "show": "false"
  },
  "reports": {
    "title": "Reports",
    "show": "false"
  },
  "exportToExcel": {
    "title": "ExportToExcel",
    "show": "false"
  },
  "enablePinning": {
    "enable": "false"
  },
  "contextMenu": {
    "menus": [
      {
        "title": "Add Task",
        "icon": "images/add.png",
        "function": "doAdd",
        "type": "grid"
      },
      {
        "title": "Edit Task",
        "icon": "images/edit.png",
        "function": "doEdit",
        "type": "row"
      },
      {
        "title": "Delete Task",
        "icon": "images/delete.png",
        "function": "doDelete",
        "type": "row"
      }
    ]
  },
  "functions": {
    "rowClickCallback": "callSingleClick",
    "rowDoubleClickCallback": "callDoubleClick"
  },
  "columns": [
    {
      "title": "File Name",
      "dataField": "fileName",
      "dataType": "String",
      "width": "300",
      "visible": "true",
      "hide": "true",
      "sort": "true",
      "filter": "true",
      "search": "true",
      "resize": "true",
      "dragable": "true"
    },
    {
      "title": "File Type",
      "dataField": "fileType",
      "dataType": "String",
      "width": "Auto",
      "visible": "true",
      "hide": "true",
      "sort": "true",
      "filter": "true",
      "search": "true",
      "resize": "true",
      "dragable": "true"
    },
    {
      "title": "File Size(in MB)",
      "dataField": "fileSize",
      "dataType": "Number",
      "width": "Auto",
      "visible": "true",
      "hide": "true",
      "sort": "true",
      "filter": "true",
      "search": "true",
      "resize": "true",
      "dragable": "true"
    },
    {
      "title": "Report Name",
      "dataField": "reportName",
      "dataType": "String",
      "width": "300",
      "visible": "true",
      "hide": "true",
      "sort": "true",
      "filter": "true",
      "search": "true",
      "resize": "true",
      "dragable": "true"
    },
    {
      "title": "Created Date",
      "dataField": "createdDate",
      "dataType": "Date",
      "width": "Auto",
      "visible": "true",
      "hide": "true",
      "sort": "true",
      "filter": "true",
      "search": "true",
      "resize": "true",
      "dragable": "true"
    },
    {
      "title": "User Name",
      "dataField": "userName",
      "dataType": "String",
      "width": "300",
      "visible": "true",
      "hide": "true",
      "sort": "true",
      "filter": "true",
      "search": "true",
      "resize": "true",
      "dragable": "true"
    },
    {
      "title": "User Mail",
      "dataField": "userMail",
      "dataType": "String",
      "width": "300",
      "visible": "false",
      "hide": "true",
      "sort": "true",
      "filter": "true",
      "search": "true",
      "resize": "true",
      "dragable": "true"
    },
    {
      "title": "File Expiry Date",
      "dataField": "expiresDate",
      "dataType": "Date",
      "width": "165",
      "visible": "false",
      "hide": "true",
      "sort": "true",
      "filter": "true",
      "search": "true",
      "resize": "true",
      "dragable": "true"
    }
  ]
}
